Geo_Code,2031 Population Growth Rate with income 20% or under of area median household income (AMHI),2031 Population Trend with income 20% or under of area median household income (AMHI),2031 Population Growth Rate with income 21% to 50% of AMHI,2031 Population Trend with income 21% to 50% of AMHI,2031 Population Growth Rate with income 51% to 80% of AMHI,2031 Population Trend with income 51% to 80% of AMHI,2031 Population Growth Rate with income 81% to 120% of AMHI,2031 Population Trend with income 81% to 120% of AMHI,2031 Population Growth Rate with income 121% or over of AMHI,2031 Population Trend with income 121% or over of AMHI,2031 Population Growth Rate 1pp HH,2031 Population Trend 1pp HH,2031 Population Growth Rate 2pp HH,2031 Population Trend 2pp HH,2031 Population Growth Rate 3pp HH,2031 Population Trend 3pp HH,2031 Population Growth Rate 4pp HH,2031 Population Trend 4pp HH,2031 Population Growth Rate 5pp HH,2031 Population Trend 5pp HH
1001,0.025430067,2937.857143,0.16148501,25430.71429,0.118806423,23192.85714,0.068758492,24159.28571,0.13864566,53687.14286,0.228500355,39508.57143,0.180070667,52005.71429,0.009954407,18987.14286,-0.040366447,14365.71429,-0.134277543,4540.714286
1002,-0.645502646,47.85714286,0.098936662,1697.857143,0.043661432,1946.428571,-0.226542688,1307.142857,0.082706767,3908.571429,0.181924198,2895.714286,0.138065661,4580.714286,-0.271750806,968.5714286,-0.581488934,297.1428571,-0.504464286,158.5714286
1003,-0.632653061,25.71428571,0.1145686,1125.714286,-0.158347676,1047.857143,-0.150437318,1040.714286,0.013577332,2452.857143,0.192400192,1770.714286,0.074641621,3105.714286,-0.382004736,559.2857143,-0.532110092,255,0,0
1004,-0.945812808,7.857142857,0.085982983,1732.142857,0.077631052,1923.571429,0.024809924,1829.285714,0.074172185,4055,0.241474654,3848.571429,0.111238095,4167.142857,-0.241034685,922.1428571,-0.382293763,438.5714286,-0.419354839,180
1005,-0.213075061,232.1428571,0.159033949,3633.571429,0.100887813,3897.142857,0.010597106,3542.142857,0.111209701,8050.714286,0.28741328,6495,0.126056133,8282.142857,-0.078200869,2576.428571,-0.209366391,1435,-0.205794206,567.8571429
1006,-0.01984127,352.8571429,0.129439621,3066.428571,0.119441461,3722.142857,0.064243449,3597.142857,0.136959371,7435.714286,0.281507847,5657.857143,0.169175627,8155,-0.065370527,2369.285714,-0.172869148,1476.428571,-0.160278746,516.4285714
1007,0,0,0.074347158,2497.857143,0.082191781,3555,-0.05453668,2798.571429,0.080677885,6467.857143,0.20559722,4707.857143,0.118385275,7638.571429,-0.209478022,1644.285714,-0.353646354,924.2857143,-0.25,390
1008,-0.947735192,10.71428571,0.090964591,2552.857143,0.070949185,3989.285714,-0.280010371,1983.571429,0.08443633,6788.571429,0.212080537,4515,0.108159213,8372.142857,-0.306684142,1511.428571,-0.558490566,585,-0.326118326,333.5714286
1009,0,0,0.056895485,1220.714286,-0.04008222,1334.285714,-0.235640648,1112.142857,0.046866177,2648.571429,0.168563,1980.714286,0.097866419,3381.428571,-0.336633663,670,-0.616149068,220.7142857,-0.763975155,54.28571429
1010,0.133333333,425,0.117263844,1715,-0.069620253,1470,0.047860769,2064.285714,0.070189926,3702.857143,0.197163611,2472.142857,0.113612455,3780.714286,-0.029084688,1621.428571,-0.141741071,1098.571429,-0.191428571,404.2857143
1011,-0.285714286,10.71428571,0.223214286,195.7142857,0.105820106,149.2857143,0.01843318,157.8571429,0.154195011,363.5714286,0.228571429,184.2857143,0.299651568,266.4285714,0.076190476,161.4285714,0.223214286,195.7142857,-0.385093168,70.71428571
1101,-0.274285714,90.71428571,0.031868132,1341.428571,0.055634135,1599.285714,-0.097123998,1367.857143,0.064345738,3166.428571,0.133888533,2528.571429,0.129958627,3316.428571,-0.139194139,839.2857143,-0.231910946,591.4285714,-0.443828017,286.4285714
1102,0.130750605,667.1428571,0.172033012,7202.142857,0.142030184,7891.428571,0.120851819,9022.857143,0.14255807,16372.85714,0.206886878,12292.14286,0.17724371,15675,0.089656061,6042.142857,0.040410418,4707.857143,-0.010495627,2424.285714
1103,-0.271428571,218.5714286,0.138166311,3812.857143,0.078371695,4049.285714,-0.010884354,4154.285714,0.073085298,8096.428571,0.187956204,6510,0.124338624,8500,-0.083532854,2460.714286,-0.186480186,1745,-0.129464286,1114.285714
1201,-0.248447205,86.42857143,0.008241758,1048.571429,0.02672148,1427.142857,-0.170040486,1025,0.031379026,2676.428571,0.134823612,2320.714286,0.074534161,2965.714286,-0.299737073,570.7142857,-0.514851485,245,-0.367346939,155
1202,-0.546583851,104.2857143,0.105506353,2050.714286,0.072817032,2483.571429,-0.122915986,1916.428571,0.055143502,4674.285714,0.169234016,3957.857143,0.085426332,4846.428571,-0.173669468,1264.285714,-0.322869955,755,-0.232492997,391.4285714
1203,-0.272727273,80,0.016939582,1286.428571,0.072861236,1872.142857,-0.153454854,1426.428571,0.037641723,3268.571429,0.13961039,3008.571429,0.073409802,3676.428571,-0.252264808,766.4285714,-0.495726496,295,-0.342857143,180.7142857
1204,-0.142857143,94.28571429,-0.001831502,778.5714286,0.074595355,1090.714286,0.021066491,1107.857143,-0.00074599,1913.571429,0.206988058,1949.285714,0.047619048,2262.857143,-0.264285714,441.4285714,-0.469924812,201.4285714,-0.089285714,145.7142857
1205,-0.364285714,127.1428571,0.000909918,1571.428571,0.106598985,2180,0.012486228,1969.285714,0.023503489,3981.428571,0.109312691,3377.857143,0.086851628,4505,-0.135086671,1033.571429,-0.276315789,550,-0.191596639,343.5714286
1206,-0.3436853,226.4285714,0.071818891,3922.857143,0.097136529,4953.571429,0.038626609,4840,0.064342727,9334.285714,0.170604812,7714.285714,0.105749487,10770,-0.113179074,2518.571429,-0.214655811,1515.714286,-0.109243697,757.1428571
1207,0.006968641,619.2857143,0.019972918,4304.285714,0.08244898,5682.857143,0.068015602,6258.571429,0.078859857,11355,0.170542636,9060,0.118981665,12118.57143,-0.057142857,3441.428571,-0.173081891,2286.428571,-0.119288119,1307.857143
1208,-0.256302521,252.8571429,0.121974371,3377.142857,0.139595564,3743.571429,0.020860495,3915,0.090093848,7467.142857,0.209785632,5280.714286,0.107654523,7731.428571,0.014953271,2715,-0.061450744,2116.428571,-0.133333333,910
1209,-0.332460206,2366.428571,0.093779625,32140.71429,0.107920555,39685.71429,0.141899772,46857.85714,0.102546534,82757.14286,0.144324122,61290,0.135815969,79387.85714,0.058736563,30179.28571,-0.009557793,22205.71429,0.028380407,10767.14286
1210,0.033287101,532.1428571,0.054719562,3855,0.09403255,4753.571429,-0.016558784,4666.428571,0.077601411,9601.428571,0.152531906,7998.571429,0.099148321,9771.428571,-0.054761905,2835.714286,-0.179610099,1833.571429,-0.125404008,966.4285714
1211,-0.062953995,276.4285714,0.075483468,2462.857143,0.017789757,2697.142857,-0.027619048,2917.142857,-0.001040853,5484.285714,0.116459627,5135.714286,0.044208665,5905,-0.11525974,1557.142857,-0.323473883,767.8571429,-0.18226601,474.2857143
1212,-0.110714286,355.7142857,-0.069697669,2879.285714,0.043006731,3984.285714,0.035756057,4427.857143,-0.004699248,7564.285714,0.108058608,6914.285714,0.052087323,7848.571429,-0.119402985,2360,-0.249904762,1406.428571,-0.268817204,680
1213,-0.214285714,47.14285714,-0.022148394,630.7142857,-0.063706564,692.8571429,-0.183982684,538.5714286,-0.082205514,1307.857143,0.061482821,1257.857143,-0.002712477,1575.714286,-0.405063291,235,-0.544973545,122.8571429,-0.535714286,55.71428571
1214,-0.767857143,37.14285714,0.222014052,1863.571429,0.133511348,1819.285714,0.022998673,1652.142857,0.120607195,3849.285714,0.220551378,3130.714286,0.167643082,3701.428571,0.00768738,1123.571429,-0.12223071,820.7142857,-0.193877551,451.4285714
1215,-0.45320197,79.28571429,0.06943654,1342.142857,-0.064237776,1394.285714,-0.056190476,1415.714286,0.013793103,2940,0.11550152,2621.428571,0.050590219,3115,-0.175465839,758.5714286,-0.252587992,515.7142857,-0.537142857,173.5714286
1216,-0.025974026,107.1428571,-0.032258065,600,0.084337349,900,-0.061361457,699.2857143,0.01242236,1630,0.173913043,1485,0.049651568,1721.428571,-0.241982507,371.4285714,-0.28968254,255.7142857,-0.438095238,84.28571429
1217,0.143547274,1183.571429,-0.092790864,6355,0.055904467,8526.428571,-0.000333389,8567.142857,-0.013032876,16768.57143,0.111477814,15155,0.06202046,16610,-0.136363636,5510,-0.310714286,2757.142857,-0.31612447,1381.428571
1218,-0.571428571,32.14285714,0.039215686,530,0.148664344,706.4285714,-0.047276465,662.1428571,-0.026431718,1105,0.111607143,1067.142857,0.089285714,1394.285714,-0.233082707,291.4285714,-0.373177843,153.5714286,-0.268398268,120.7142857
1301,-0.170807453,762.8571429,0.040891219,5672.857143,0.060560182,7005,0.02889895,7629.285714,0.032946855,14063.57143,0.110417432,12958.57143,0.04297235,12932.85714,-0.019355771,4849.285714,-0.147767857,2727.142857,-0.071827614,1661.428571
1302,-0.105590062,205.7142857,0.088744589,2155.714286,-0.021262458,2104.285714,0.052704577,2710.714286,-0.034362074,4335.714286,0.102710414,3865,0.056083502,4842.142857,-0.098901099,1405.714286,-0.247036806,862.1428571,-0.155428571,527.8571429
1303,-0.441558442,92.14285714,0.095238095,1593.571429,0.126558006,2517.857143,0.138762511,3575.714286,0.112671113,4528.571429,0.219178082,3115,0.164119601,5005.714286,0.053333333,1975,-0.110599078,1378.571429,0.053113553,821.4285714
1304,-0.102040816,62.85714286,-0.006530612,869.2857143,0.061026352,1092.857143,-0.152917505,902.1428571,0.020662629,2046.428571,0.100892857,1761.428571,0.039104383,2353.571429,-0.22954823,450.7142857,-0.275630252,307.8571429,-0.342857143,115
1305,-0.187012987,447.1428571,0.120912658,5509.285714,0.101094743,5819.285714,0.108786611,6625,0.08006071,12199.28571,0.190928628,7520.714286,0.163797533,12941.42857,0.025453388,4604.285714,-0.087441526,3622.857143,-0.098382749,1911.428571
1306,-0.866359447,20.71428571,0.148486981,2331.428571,0.168609379,3079.285714,0.072150072,3184.285714,0.109465738,5458.571429,0.240879121,4032.857143,0.144541117,5825.714286,-0.004926108,2020,-0.052197802,1478.571429,-0.082417582,715.7142857
1307,-0.172486772,1117.142857,0.12121979,12658.57143,0.169215512,16000.71429,0.16122449,17882.85714,0.129528049,30446.42857,0.223078041,24045.71429,0.142830575,30725,0.060062565,10892.14286,0.044851494,8719.285714,0.058608059,3715.714286
1308,-0.492857143,101.4285714,0.064820642,2417.142857,0.057886352,2845.714286,0.012870013,2810.714286,0.047991071,5365.714286,0.138613861,4025,0.104210396,6387.857143,-0.125622367,1630.714286,-0.231868132,998.5714286,-0.107769424,508.5714286
1309,-0.579957356,140.7142857,0.060368664,3287.142857,0.040053405,3895,-0.073214286,3707.142857,0.02424812,7784.285714,0.153571429,6460,0.081632653,8328.571429,-0.175904241,2262.142857,-0.365623822,1202.142857,-0.323129252,568.5714286
1310,0.088435374,914.2857143,0.109799292,8057.142857,0.093894348,9303.571429,0.117867976,11055.71429,0.106709582,19157.14286,0.178113553,14702.85714,0.126938065,19417.14286,0.033018868,6570,0.003787879,5300,0.022648084,2515.714286
1311,-0.142857143,205.7142857,0.022756005,1733.571429,0.032258065,2240,0.001847291,2324.285714,0.052984574,4485.714286,0.139009139,3382.857143,0.081486533,4531.428571,-0.051118211,1485,-0.219347582,991.4285714,-0.138716356,594.2857143
1312,-0.561904762,65.71428571,-0.022148394,1261.428571,0.089721254,1787.142857,-0.073158675,1339.285714,0.008035714,3225.714286,0.141048825,2704.285714,0.073913983,3549.285714,-0.166902405,841.4285714,-0.461375661,363.5714286,-0.36952381,236.4285714
1313,-0.363992172,232.1428571,0.042241126,2537.857143,0.062544421,3203.571429,-0.061006609,2638.571429,0.025375137,6003.571429,0.149505097,5557.857143,0.051617594,6199.285714,-0.220982143,1495.714286,-0.278388278,985,-0.198496241,380.7142857
1314,-0.78125,70,-0.057807309,2025.714286,0.091262639,3006.428571,-0.003490401,2855,-0.007029877,5650,0.129842291,5270.714286,0.047193878,5864.285714,-0.241146041,1362.142857,-0.344671202,825.7142857,-0.387096774,285
1315,-0.491774892,419.2857143,0.024439405,5808.571429,0.156017547,8658.571429,0.02415893,7327.857143,0.078776367,15415.71429,0.21530978,13562.85714,0.112019704,16124.28571,-0.1238184,4700.714286,-0.284377089,2293.571429,-0.20661157,960
2401,0,0,0.095608671,1407.857143,0.084709261,1079.285714,-0.148148148,920,0.148236701,2744.285714,0.234553325,2240.714286,0.160486322,2727.142857,-0.244406196,627.1428571,-0.29047619,425.7142857,-0.324324324,125
2402,-0.890756303,9.285714286,0.041489863,1577.857143,0.06764575,1713.571429,-0.046768707,1601.428571,0.04797283,3526.428571,0.171811438,3497.857143,0.05516932,3360.714286,-0.215517241,910,-0.301974448,429.2857143,-0.256658596,219.2857143
2403,-0.251428571,93.57142857,0.154002026,1627.142857,0.076072534,1737.857143,-0.090225564,1469.285714,0.068303571,3418.571429,0.220158427,3190.714286,0.091051805,3475,-0.234258632,807.8571429,-0.312204352,519.2857143,-0.004081633,348.5714286
2404,0,0,0.163051608,1110.714286,0.02,1020,-0.044794189,1127.142857,0.003291639,2177.142857,0.14699793,2374.285714,0.054453782,2240.714286,-0.36453202,368.5714286,-0.300556586,269.2857143,-0.447876448,102.1428571
2405,-0.693877551,21.42857143,0.084586466,1648.571429,0.086466165,1651.428571,-0.022251891,1569.285714,0.062780269,3555,0.172253739,3247.142857,0.091269841,3535.714286,-0.171130952,795.7142857,-0.178814383,603.5714286,-0.232653061,268.5714286
2406,-0.549450549,29.28571429,0.085855032,1102.142857,0.065306122,1305,-0.049848024,1116.428571,0.055976676,2587.142857,0.172632988,2503.571429,0.066666667,2560,-0.215351812,525.7142857,-0.247619048,395,-0.170068027,174.2857143
2407,0,0,0.040383645,1472.142857,0.170902717,1908.571429,-0.150044924,1351.428571,0.052065404,3492.857143,0.167898879,3497.857143,0.071428571,3385.714286,-0.346320346,539.2857143,-0.265873016,528.5714286,-0.316190476,256.4285714
2408,0,0,0.067990833,1997.142857,0.037997808,2029.285714,-0.044175276,1916.428571,0.043463612,4424.285714,0.127681842,4617.857143,0.047258297,4147.142857,-0.299583911,721.4285714,-0.301785714,558.5714286,-0.125541126,288.5714286
2409,-0.483516484,67.14285714,-0.002729754,1565.714286,0.083712466,1701.428571,-0.092110874,1520.714286,0.034853701,3435.714286,0.117751611,3593.571429,0.027345592,3112.857143,-0.235673931,676.4285714,-0.285714286,500,-0.068965517,405
2410,-0.784053156,92.85714286,0.09089499,5023.571429,0.145962733,6325.714286,0.153394691,6176.428571,0.095934217,11995,0.200622622,12396.42857,0.11889355,11239.28571,-0.143594787,2487.857143,-0.074458874,2290.714286,0.067532468,1174.285714
2411,0,0,0.022556391,777.1428571,0.102292769,892.8571429,2.72E-16,835,0.010025063,1727.142857,0.142414861,1845,0.048596565,1787.857143,-0.374245473,222.1428571,-0.324455206,199.2857143,-0.222222222,140
2412,-0.784053156,46.42857143,0.138059701,3050,0.077639752,3470,0.006958034,3307.857143,0.093899855,7006.428571,0.176085375,6927.142857,0.065581676,6313.571429,-0.141176471,1460,-0.041608877,1480.714286,-0.055238095,708.5714286
2413,-0.819875776,20.71428571,0.042390844,1756.428571,-0.026127265,1650.714286,0.015655577,1853.571429,-0.029972752,3560,0.11323239,3623.571429,0.070276498,3981.428571,-0.445839874,504.2857143,-0.341323106,490.7142857,-0.329365079,241.4285714
2414,0,0,0.151260504,1761.428571,0.003139717,1825.714286,-0.0172724,1950.714286,0.037573386,3787.142857,0.134611099,3636.428571,0.07705987,3893.571429,-0.222541278,773.5714286,-0.305235138,559.2857143,-0.207518797,376.4285714
2415,0,0,0.018007203,1211.428571,0.080200501,1539.285714,-0.029976581,1479.285714,0.06072673,3044.285714,0.1772377,2837.142857,0.083028083,3167.857143,-0.292725679,576.4285714,-0.377723971,367.1428571,-0.056277056,311.4285714
2416,0,0,0.105619499,1166.428571,0.043189369,1345.714286,0.103571429,1324.285714,0.060517894,2603.571429,0.177985948,2515,0.109799292,2685.714286,-0.178828366,570.7142857,-0.179591837,430.7142857,-0.173469388,231.4285714
2417,0,0,0.009559214,1357.857143,0.077196096,1734.285714,0.027799228,1901.428571,0.020107552,3116.428571,0.153694581,3345.714286,0.068517689,3408.571429,-0.372968349,523.5714286,-0.465786315,317.8571429,-0.051635112,393.5714286
2418,-0.884792627,17.85714286,0.050324675,1848.571429,0.112817089,2381.428571,-0.083873167,1919.285714,0.081168831,4757.142857,0.157314974,4802.857143,0.066370896,4292.142857,-0.278350515,700,-0.209619526,786.4285714,-0.167247387,341.4285714
2419,0,0,0.168498168,3190,0.161611484,3583.571429,0.099360341,3682.857143,0.141343579,7002.142857,0.218844985,6015,0.154951503,6889.285714,-0.06082433,1676.428571,-0.009957871,1846.428571,0.019245004,983.5714286
2420,0,0,-0.013736264,512.8571429,0.243478261,715,-0.104116223,528.5714286,0.050125313,1197.142857,0.057491289,867.1428571,0.093340922,1372.142857,-0.047619048,342.8571429,-0.256157635,215.7142857,0.131868132,147.1428571
2421,-0.348432056,133.5714286,0.25015873,2812.857143,0.184218246,2883.571429,0.186206897,3440,0.180924287,6005,0.271609403,5022.857143,0.190865314,5829.285714,0.00261324,1644.285714,0.146741476,1897.857143,0.200772201,888.5714286
2422,-0.008528785,332.1428571,0.290612245,3387.857143,0.28213789,4609.285714,0.219502017,6262.142857,0.306771584,8422.142857,0.28420257,4854.285714,0.245303626,8144.285714,0.198653199,3560,0.323535457,4599.285714,0.361067504,1857.857143
2423,-0.813445378,792.8571429,0.068847936,49257.85714,0.151411311,64801.42857,0.121488885,65080,0.085225569,121496.4286,0.146231518,127140,0.089829716,106607.1429,-0.060465885,28435,0.021236253,26930,0.097486478,12319.28571
2425,-0.65742025,352.8571429,0.148842777,12338.57143,0.145111087,15241.42857,0.119266055,15860,0.139340404,29389.28571,0.220679751,25500,0.152588077,28088.57143,-0.066813187,7582.142857,0.012227676,8396.428571,0.075680272,3614.285714
2426,-0.432234432,110.7142857,0.201515577,3057.857143,0.189823875,3474.285714,0.15393915,4090.714286,0.133447391,6625,0.233200898,5099.285714,0.18613558,6636.428571,0.046676096,2114.285714,0.05740988,2262.857143,0.075776398,1237.142857
2427,0,0,0.072639225,1265.714286,0.130016051,2011.428571,-0.036866359,1492.857143,0.081820171,3532.142857,0.171765366,2982.142857,0.087723597,3170.714286,-0.224151539,702.1428571,-0.110456554,862.8571429,-0.002574003,553.5714286
2428,0,0,-0.08097166,1135,0.081374322,1708.571429,0.020408163,1642.857143,0.042593922,3112.142857,0.115288221,2860.714286,0.083976834,3208.571429,-0.213381555,621.4285714,-0.234126984,551.4285714,-0.207482993,332.8571429
2429,0,0,0.134432694,4520.714286,0.107253656,5353.571429,0.054555681,5357.142857,0.137015401,10705,0.199933244,10271.42857,0.134780414,9634.285714,-0.135194308,2257.142857,-0.069914671,2413.571429,-0.042328042,1292.857143
2430,-0.406593407,77.14285714,0.014629948,1684.285714,0.054421769,2214.285714,-0.016387602,1972.142857,0.054876969,4256.428571,0.144247963,4113.571429,0.071428571,4285.714286,-0.296352584,661.4285714,-0.352322524,527.8571429,0.052631579,600
2431,-0.868571429,32.85714286,0.056556347,3602.857143,0.08624014,4426.428571,-0.0413343,3777.142857,0.052896948,8502.142857,0.14190349,8552.857143,0.05431691,8207.857143,-0.260416667,1420,-0.198129252,1347.142857,-0.063311688,824.2857143
2432,-0.744897959,35.71428571,0.084722848,1719.285714,0.067408782,2465.714286,0.042378674,2178.571429,0.073644732,4498.571429,0.18383761,4415.714286,0.061329416,4128.571429,-0.159183673,882.8571429,-0.133708656,879.2857143,-0.066820276,578.5714286
2433,-0.376623377,137.1428571,0.227571116,2805,0.191579943,3598.571429,0.116144019,3432.142857,0.169085816,6558.571429,0.265075782,5604.285714,0.17426166,6276.428571,0.052020808,1877.857143,0.036333609,1792.857143,0.058687259,979.2857143
2434,-0.417582418,189.2857143,0.103350558,4727.857143,0.179334399,5796.428571,0.123743452,5669.285714,0.149004684,11214.28571,0.201118326,9512.857143,0.145836437,10988.57143,0.001000751,2857.857143,0.034348165,2839.285714,0.141695703,1404.285714
2435,0,0,0.005079365,1130.714286,0.179934569,1545.714286,0.054263566,1360,0.022702104,2638.571429,0.146748193,2947.142857,0.058453974,2767.857143,-0.221428571,467.1428571,-0.320939335,247.8571429,-0.068027211,195.7142857
2436,0,0,0.033738602,4858.571429,0.056248003,4721.428571,0.068421756,5710.714286,-0.00373295,9912.857143,0.103211312,11925.71429,0.041304348,9580,-0.293753865,1631.428571,-0.294642857,1128.571429,-0.05877551,823.5714286
2437,-0.553304904,598.5714286,0.052233369,13410.71429,0.155594748,16848.57143,0.135204082,17164.28571,0.075301629,32721.42857,0.156276542,34035,0.110500723,30177.85714,-0.099417824,7182.142857,-0.090671885,5974.285714,0.10487066,3386.428571
2438,0,0,0.16988417,1731.428571,0.113221884,2092.857143,0.184259605,2267.857143,0.113328013,3985.714286,0.204608295,3734.285714,0.147124568,4032.142857,-0.060913706,925,-0.038095238,865.7142857,-0.02764977,452.1428571
2439,-0.673015873,147.1428571,0.147333419,6407.857143,0.143065693,7830,0.06315097,6926.428571,0.125199406,14610.71429,0.191175563,13787.85714,0.141544337,13664.28571,-0.063313965,3339.285714,-0.061194956,3243.571429,0.040031397,1892.857143
2440,0,0,-0.03675163,1160.714286,0.099378882,1390.714286,-0.067976633,1253.571429,0.04779607,2818.571429,0.10989011,2741.428571,-0.001664355,2570.714286,-0.174107143,528.5714286,-0.272363151,389.2857143,0.089285714,348.5714286
2441,-0.561576355,63.57142857,0.121450415,1833.571429,0.136645963,2091.428571,-0.066461117,1946.428571,0.099773243,4157.142857,0.180807348,3489.285714,0.089381207,4074.285714,-0.067602041,1044.285714,-0.122245913,882.1428571,-0.078306878,622.1428571
2442,-0.505952381,118.5714286,0.113762668,2433.571429,0.097153304,3000.714286,0.112412178,3053.571429,0.068763326,5728.571429,0.139705882,4650,0.116310892,5827.142857,-0.108183079,1377.857143,0.012861736,1575,0.033222591,888.5714286
2443,-0.470453242,659.2857143,0.09894867,15231.42857,0.132483047,18012.14286,0.118890238,17773.57143,0.103232372,35617.85714,0.154784755,36098.57143,0.103933898,30347.14286,-0.027633851,8445,0.030451128,7831.428571,0.103614458,4580
2444,0,0,0.013445378,1292.142857,0.1212678,1743.571429,0.036474164,1705,0.080298786,3305.714286,0.174042174,2823.571429,0.074957411,3155,-0.095788604,782.1428571,-0.128919861,714.2857143,-0.167487685,482.8571429
2445,-0.278571429,288.5714286,0.158088825,5159.285714,0.181063123,6094.285714,0.06012024,5290,0.134148055,11534.28571,0.179398148,10190,0.15625625,12389.28571,-0.010103845,2519.285714,-0.005952381,2147.142857,0.006349206,1132.142857
2446,-0.172684458,376.4285714,0.215016068,5941.428571,0.215384615,7110,0.210808832,7089.285714,0.225296198,14109.28571,0.265337763,12242.14286,0.234928913,14207.85714,0.118896926,3535.714286,0.099356499,3050.714286,0.099851705,1589.285714
2447,-0.936170213,30,0.1111451,7783.571429,0.132946001,9471.428571,0.053251999,9126.428571,0.076056584,17604.28571,0.180582621,16876.42857,0.100064977,16930,-0.135515448,4037.142857,-0.119601329,3596.428571,0.05832106,2566.428571
2448,-0.670807453,37.85714286,-0.014365523,882.1428571,0.060606061,1575,0.026996625,1304.285714,0.071161049,2860,0.141215107,2482.142857,0.071428571,2635.714286,-0.217279726,653.5714286,-0.133004926,502.8571429,0.025974026,395
2449,-0.599810785,302.1428571,0.173759491,9495.714286,0.130153778,10866.42857,0.094071319,10716.42857,0.129998513,21718.57143,0.183924389,20221.42857,0.132066825,19409.28571,-0.018786693,5372.142857,0.009475951,5022.142857,0.101020408,3082.857143
2450,-0.617511521,59.28571429,0.120481928,1860,0.085855032,2204.285714,-0.002721088,2094.285714,0.074393531,4270.714286,0.170038831,4089.285714,0.072685096,3963.571429,-0.171923315,956.4285714,-0.100923952,903.5714286,0.03034134,582.1428571
2451,-0.614555256,102.1428571,0.033429094,2826.428571,0.095511375,3817.857143,0.082180115,3630.714286,0.087118084,7522.857143,0.162834527,6610.714286,0.105889724,7564.285714,-0.205500382,1485.714286,-0.113019892,1401.428571,0.076433121,845
2452,-0.952380952,13.57142857,0.152202937,3698.571429,0.111898545,4258.571429,0.07646356,4505,0.100762784,8349.285714,0.182315189,7105.714286,0.118718888,8507.857143,-0.041548093,2405.714286,-0.082171127,1739.285714,-0.005291005,1074.285714
2453,-0.701680672,101.4285714,0.091998704,4815.714286,0.096301668,5399.285714,0.101720269,5260.714286,0.051805338,10528.57143,0.173694147,10657.14286,0.090179032,10569.28571,-0.199529903,2189.285714,-0.129486277,1767.142857,0.012288786,941.4285714
2454,-0.994397759,2.857142857,0.122418406,7492.142857,0.156823368,9052.142857,0.082656182,8850.714286,0.097338264,17167.85714,0.189051689,16694.28571,0.092767053,15162.14286,-0.057455113,4312.142857,-0.034729681,3851.428571,0.087115443,2549.285714
2455,-0.796992481,38.57142857,0.120648259,2667.142857,0.204264392,4034.285714,0.106450926,3712.142857,0.188095238,7128.571429,0.263235055,5539.285714,0.149068323,6607.142857,0.050616051,2253.571429,0.061917195,2033.571429,0.066137566,1151.428571
2456,-0.87755102,102.8571429,0.138523363,10320.71429,0.124670276,11572.85714,0.086647821,11806.42857,0.097050625,22769.28571,0.164666409,19339.28571,0.102546715,20904.28571,-0.033576642,6620,0.023866896,6373.571429,0.051293588,3337.857143
2457,-0.315789474,650,0.155974243,10386.42857,0.177399582,11662.14286,0.146295199,13812.85714,0.163900854,23545.71429,0.240157696,16177.85714,0.162237868,21931.42857,0.066755674,8560.714286,0.097886729,9277.142857,0.09984639,4091.428571
2458,-0.258842126,2679.285714,0.075725824,32632.14286,0.122199355,41285.71429,0.095751904,42652.14286,0.089198232,81150.71429,0.160742548,69673.57143,0.082707369,67642.14286,0.003026634,26038.57143,0.017986267,23932.85714,0.07532361,13113.57143
2459,-0.344023324,321.4285714,0.193737769,6100,0.146258503,7221.428571,0.064139942,8082.142857,0.154925391,13876.42857,0.265292616,9559.285714,0.179009257,13464.28571,0.000282048,5066.428571,-0.010989011,5142.857143,0.047828823,2378.571429
2460,-0.6910299,199.2857143,0.176165803,10215,0.161895497,11944.28571,0.098505268,12808.57143,0.140938869,22516.42857,0.229488958,16462.85714,0.148970748,21210,0.024684535,7946.428571,0.006353619,7240.714286,0.147268409,4830
2461,-0.840136054,67.14285714,0.144039953,6217.857143,0.184537556,7693.571429,0.176287219,7816.428571,0.131424131,14561.42857,0.208560407,14097.85714,0.150579151,13622.85714,-0.0003861,3698.571429,0.023217247,3085,0.125541126,1857.142857
2462,-0.997802198,0.714285714,0.147024504,4915,0.094039552,5650.714286,0.042780749,5850,0.096579477,11289.28571,0.160055033,10840.71429,0.087396504,11820,-0.008859358,2557.142857,-0.159065209,1593.571429,-0.090909091,900
2463,-0.307359307,228.5714286,0.185410334,4457.142857,0.209199939,5689.285714,0.187770067,6479.285714,0.213815789,11070,0.244147539,7782.142857,0.197621839,10215.71429,0.155564112,4287.142857,0.145471833,3442.142857,0.180290298,2207.142857
2464,-0.054644809,865,0.2303794,12832.85714,0.203910004,15747.14286,0.137388025,17231.42857,0.213072157,30345,0.307641416,19765,0.209946898,26691.42857,0.08155575,11480.71429,0.088454376,11690,0.219526558,7396.428571
2465,-0.327808471,1825,0.116150767,32658.57143,0.108431059,35647.14286,0.104942995,41258.57143,0.091767151,72045.71429,0.125714286,51642.14286,0.05444661,54862.85714,0.053846154,27400,0.103204978,30266.42857,0.194494925,19249.28571
2466,-0.496547491,7030.714286,0.046817278,164758.5714,0.06086432,174623.5714,0.073869017,189527.1429,0.039789222,377875,0.068598011,367544.2857,0.015021691,268737.1429,0.010537681,116995,0.060892102,102917.1429,0.059770115,57625
2467,-0.305676856,795,0.210520218,14925.71429,0.128919861,15737.14286,0.132555158,18296.42857,0.144836336,32227.14286,0.241415027,22258.57143,0.143034019,27695.71429,0.065627266,12595.71429,0.072302223,12712.14286,0.141886976,6725.714286
2468,-0.571428571,81.42857143,0.241005938,2537.857143,0.131519274,2495,0.103796777,2886.428571,0.188193085,5204.285714,0.249084249,3897.142857,0.179969497,4973.571429,0.048906049,1746.428571,0.036866359,1607.142857,0.101694915,975
2469,-0.543778802,70.71428571,0.088702148,1665.714286,-0.015789474,1870,0.01061008,1905,0.046997389,4010,0.119278779,3458.571429,0.078844653,3948.571429,-0.09856519,1032.142857,-0.260941371,639.2857143,-0.16988417,460.7142857
2470,-0.842676311,62.14285714,0.057940199,5686.428571,0.155992096,7103.571429,0.13729417,7301.428571,0.078793831,13339.28571,0.164986251,12710,0.116059716,12762.14286,-0.01285347,3840,-0.116011505,2634.285714,0.046822742,1565
2471,-0.084033613,856.4285714,0.187340021,12259.28571,0.208447104,14857.85714,0.158267106,17072.85714,0.193809918,28818.57143,0.250861865,18919.28571,0.172856488,25580,0.124593951,11127.85714,0.148378192,11885.71429,0.208237053,6349.285714
2472,-0.419704433,420.7142857,0.157214133,8117.857143,0.143223443,8917.142857,0.139880952,10942.85714,0.124101776,17766.42857,0.239433926,13887.85714,0.125423391,16138.57143,0.019797525,6475.714286,0.030688712,6189.285714,0.143563191,3470.714286
2473,-0.273584906,770,0.151252964,12830.71429,0.13421454,14342.14286,0.060667443,14960.71429,0.140652471,29195,0.233231075,21248.57143,0.161542832,26285.71429,0.012967365,10043.57143,-0.060481804,9165,0.068936049,5360.714286
2474,0.304761905,391.4285714,0.305155355,5370.714286,0.30981417,6444.285714,0.284970883,7407.857143,0.302820157,12077.14286,0.379908267,8810.714286,0.314386912,11132.85714,0.243223443,4848.571429,0.223410138,4740.714286,0.239604776,2150.714286
2475,-0.165986395,875.7142857,0.25552458,13189.28571,0.20382843,14554.28571,0.199236298,15254.28571,0.203132806,29242.14286,0.25573818,24775.71429,0.212638241,26550.71429,0.127193358,9406.428571,0.12244898,7857.142857,0.225401121,4527.857143
2476,-0.355555556,145,0.130007559,3203.571429,0.097478992,3265,0.204379562,4125,0.114645386,7083.571429,0.219721871,6891.428571,0.141574344,6992.142857,0.058394161,2175,-0.202474691,1012.857143,0.061938062,759.2857143
2477,-0.60591133,114.2857143,0.213935574,4952.857143,0.176138148,5351.428571,0.129237288,5330,0.177209443,11112.85714,0.23862589,10559.28571,0.160324708,11435,0.013043478,2330,0.046332046,1742.142857,0.089407191,800.7142857
2478,-0.552058111,132.1428571,0.17831074,4842.857143,0.132149901,5740,0.086439449,5350.714286,0.157086503,11732.85714,0.241921995,11667.85714,0.126468455,11095.71429,-0.053644315,2318.571429,-0.078125,1770,0.01242236,931.4285714
2479,-0.697802198,78.57142857,0.083802989,3159.285714,0.12148793,4048.571429,0.00280112,3580,0.108539505,7937.142857,0.201668092,8027.142857,0.098481088,7903.571429,-0.227106227,1356.428571,-0.191200435,1063.571429,-0.186335404,467.8571429
2480,-0.955357143,7.142857143,0.12244898,2042.857143,0.182042579,2736.428571,0.018490904,2439.285714,0.098598204,4982.142857,0.174949569,4576.428571,0.098712446,5120,-0.080586081,1075.714286,-0.104454685,832.8571429,0.048040455,592.1428571
2481,-0.154972236,2391.428571,0.13104025,22219.28571,0.173808547,28605.71429,0.135918811,31340,0.14338789,56935,0.231561739,51657.85714,0.131141892,46897.14286,0.01723227,17877.85714,0.026103465,15442.85714,0.172125436,9611.428571
2482,-0.040816327,705,0.13901919,3815.714286,0.167247387,4307.142857,0.160569106,5710,0.158929694,9219.285714,0.165168165,4998.571429,0.187846342,9033.571429,0.104856736,3883.571429,0.104489796,3865.714286,0.139975298,1977.857143
2483,-0.534562212,72.14285714,0.040816327,1639.285714,0.109422492,2085.714286,0.034161491,1902.857143,0.046132972,3855,0.147753885,3850.714286,0.095110259,4079.285714,-0.140786749,889.2857143,-0.3126294,474.2857143,-0.221748401,260.7142857
2484,-6.93E-14,105,0.026604974,1267.857143,0.064316636,1229.285714,0.075013789,1392.142857,0.027005131,2716.428571,0.160597572,2663.571429,0.072039072,2508.571429,-0.184084372,607.8571429,-0.046153846,620,-0.215167549,317.8571429
2485,0,0,-0.015672092,1166.428571,0.092497431,1518.571429,-0.012745619,1327.857143,0.011070111,2740,0.120082816,2705,0.04462585,2742.142857,-0.279635258,507.8571429,-0.239256678,467.8571429,-0.095238095,339.2857143
2486,-0.241758242,246.4285714,0.008634223,3671.428571,0.143235072,4321.428571,0.064182195,3671.428571,0.071971067,8468.571429,0.124125154,7801.428571,0.095028781,7473.571429,-0.048961884,2192.142857,-0.072135785,1874.285714,0.041636755,1036.428571
2487,-0.878306878,16.42857143,0.0881021,1887.857143,0.07822149,1870.714286,-0.078510724,1626.428571,0.059863946,3895,0.128708352,3532.857143,0.065063649,3765,-0.135493373,838.5714286,-0.25433526,645,-0.062909567,510.7142857
2488,-0.504761905,74.28571429,-0.014842301,1896.428571,0.115646259,2342.857143,0.04259502,2272.857143,0.077800134,4591.428571,0.137111155,4099.285714,0.114995563,4487.857143,-0.147041243,1019.285714,-0.145341615,982.8571429,-0.079734219,593.5714286
2489,-0.596638655,137.1428571,0.103790087,4056.428571,0.106450336,3994.285714,0.004574756,3450.714286,0.085298636,8579.285714,0.147204969,7915.714286,0.09772798,7557.857143,-0.106430155,2015,-0.108374384,1680.714286,0.012186865,1067.857143
2490,0,0,0.028715004,1023.571429,-0.014285714,1084.285714,0.061522419,1454.285714,0.01546073,2345.714286,0.150439794,2709.285714,-0.001272669,2242.142857,-0.252380952,448.5714286,-0.348111658,283.5714286,-0.058441558,207.1428571
2491,-0.705167173,69.28571429,0.035409035,2422.857143,0.028625439,2720.714286,0.034777956,2762.857143,0.045266942,5607.857143,0.124236556,5390.714286,0.100054526,5764.285714,-0.336886994,888.5714286,-0.255639098,919.2857143,-0.044642857,611.4285714
2492,-0.452380952,65.71428571,-0.093663912,1645,0.121348315,2495,-0.063279003,2093.571429,-0.00560871,4305.714286,0.08052652,3987.142857,0.086271937,4730.714286,-0.402657807,642.1428571,-0.247436774,786.4285714,-0.18204804,462.1428571
2493,-0.915057915,31.42857143,0.079110012,4365,0.131698884,5143.571429,0.098432056,5404.285714,0.061510072,9861.428571,0.195391705,9264.285714,0.119204261,10207.14286,-0.226677806,1983.571429,-0.159318048,2042.857143,0.001098901,1301.428571
2494,-0.72718254,392.8571429,0.076898083,14204.28571,0.132730441,17177.85714,0.126029132,17780,0.053853596,32680,0.180142911,31380,0.119781868,33587.85714,-0.179262149,7214.285714,-0.119280589,6750.714286,-0.070626003,3308.571429
2495,0,0,-0.006968641,814.2857143,0.08005521,1117.857143,-0.232142857,737.1428571,0.005891016,1951.428571,0.133590734,2097.142857,0.04331307,1961.428571,-0.455598456,302.1428571,-0.642857143,128.5714286,-0.373015873,112.8571429
2496,-0.93557423,16.42857143,-0.037296037,2065,0.141774892,3014.285714,-0.062256809,2410,0.001897533,5280,0.133600741,5248.571429,0.042857143,5214.285714,-0.283888635,1120.714286,-0.315911731,841.4285714,-0.212698413,354.2857143
2497,-0.398671096,258.5714286,0.071312804,3305,0.026389241,2889.285714,-0.062278066,2452.142857,0.038004751,6555,0.118217562,6094.285714,0.008722083,5452.142857,-0.162257496,1696.428571,-0.126984127,1414.285714,0.058656575,799.2857143
2498,-0.457142857,27.14285714,0.076847291,780.7142857,0.009852217,732.1428571,-0.17953668,607.1428571,0.068160598,1634.285714,0.173913043,1350,0.115902965,1774.285714,-0.37593985,296.4285714,-0.302325581,300,-0.444444444,75
2499,-0.240362812,239.2857143,0.139664804,2040,0.131637996,2161.428571,0.082806574,2447.142857,0.100311311,4544.285714,0.179763997,3356.428571,0.118971061,3480,0.078785002,1623.571429,-0.001035197,1378.571429,0.026471931,1606.428571
3501,-0.458646617,411.4285714,0.104421769,9277.142857,0.076670668,9609.285714,0.03326226,10384.28571,0.051207913,19736.42857,0.143272425,15731.42857,0.095700042,20330.71429,-0.021291209,6107.142857,-0.154230236,4355.714286,-0.099398262,2886.428571
3502,-0.290556901,627.8571429,0.163205061,7880.714286,0.170670038,7937.142857,0.137304392,9655.714286,0.139939673,16466.42857,0.212650554,10859.28571,0.198272516,17638.57143,0.062847047,6015.714286,-0.032614555,5127.142857,0.066858188,2917.857143
3506,-0.16047528,8781.428571,0.127882436,72145,0.146852406,85090.71429,0.147996697,102269.2857,0.133977944,179435,0.148588119,125833.5714,0.145190075,152172.8571,0.107610961,67182.14286,0.094174119,64151.42857,0.121673797,38389.28571
3507,-0.433179724,527.1428571,0.057103878,7748.571429,0.09460279,9025,0.07062436,10460,0.06242145,18114.28571,0.139946641,13428.57143,0.102136735,19932.14286,0.02052613,6179.285714,-0.171310018,3994.285714,-0.094501243,2340.714286
3509,-0.147716229,626.4285714,0.128343768,5664.285714,0.154987634,7005,0.134572641,8021.428571,0.102387865,13289.28571,0.173313553,9603.571429,0.165401698,14806.42857,0.084347391,4646.428571,-0.029895932,3662.142857,-0.058147882,1874.285714
3510,-0.273175101,1159.285714,0.10462957,12322.14286,0.087663603,13949.28571,0.096195262,16360.71429,0.078184442,29353.57143,0.124549305,22946.42857,0.109136213,28615.71429,0.047090786,9910.714286,-0.043791722,7673.571429,-0.009228039,3987.857143
3511,-0.296846011,270.7142857,0.097072805,3132.142857,0.046656299,3365,0.142686872,4793.571429,0.072019779,7123.571429,0.174642857,4698.571429,0.101014079,7987.857143,0.017959184,2672.142857,-0.011403231,2229.285714,-0.047416413,1119.285714
3512,-0.641211323,389.2857143,0.084611947,10401.42857,0.074330164,12430,0.074396819,14090.71429,0.071612508,24968.57143,0.131238447,18360,0.084514839,25187.85714,0.019024766,8493.571429,-0.081848612,6073.571429,-0.023865546,4148.571429
3513,-0.084942085,169.2857143,0.059491194,1933.571429,0.030353019,2230.714286,0.066647349,2629.285714,0.031187123,4392.857143,0.151404151,3367.857143,0.086614173,5520,-0.057359307,1244.285714,-0.244105409,778.5714286,-0.192256342,432.1428571
3514,-0.393406593,394.2857143,0.140486588,6529.285714,0.113963556,7903.571429,0.081232493,8822.857143,0.112291656,15777.85714,0.175407879,10549.28571,0.147090292,17613.57143,0.062384276,5327.857143,-0.074805195,3816.428571,-0.09787234,2120
3515,-0.498993964,533.5714286,0.098654709,11025,0.098408471,12373.57143,0.080248258,14172.85714,0.070992389,25430.71429,0.133947773,18455,0.089254658,25052.85714,0.052922459,8981.428571,-0.040135108,6901.428571,-0.020649966,4132.857143
3516,-0.283533261,469.2857143,0.069418386,5700,0.056008508,6383.571429,0.089772494,7595.714286,0.019001274,12564.28571,0.103519669,8756.428571,0.087795934,14407.85714,0.039285714,4572.857143,-0.12317985,3182.857143,-0.152291105,1797.142857
3518,-0.20694259,4242.857143,0.14108074,42670.71429,0.154151669,53137.14286,0.127302017,62480.71429,0.138586894,105700.7143,0.177121289,51457.85714,0.146795961,81938.57143,0.13515129,50190.71429,0.064117349,49433.57143,0.128326583,35220.71429
3519,0.081126666,9157.142857,0.245129173,72535,0.20094485,83525.71429,0.150411322,92895.71429,0.214987806,187885.7143,0.288285994,72279.28571,0.256527159,130320.7143,0.208950939,90242.14286,0.125742438,93684.28571,0.101827227,59482.14286
3520,-0.244080725,16989.28571,0.1104313,210143.5714,0.107876928,220185,0.121354586,256577.1429,0.106713724,509342.8571,0.151234275,398338.5714,0.136081011,386574.2857,0.072387869,186048.5714,0.0355036,150080.7143,-0.027561784,92187.14286
3521,-0.170105528,7527.142857,0.187849694,76883.57143,0.148875072,98590.71429,0.134360966,120162.8571,0.151007048,196914.2857,0.19667282,79177.85714,0.154837326,123042.1429,0.128745063,94724.28571,0.098980835,103749.2857,0.16130782,99402.14286
3522,-0.037037037,520,0.139324961,4147.142857,0.160455487,4804.285714,0.076841827,5825.714286,0.152041988,10034.28571,0.198979592,5035.714286,0.15004995,8222.857143,0.145505916,4633.571429,0.05545224,4459.285714,0.056231003,2978.571429
3523,-0.216829746,1429.285714,0.140685161,16505.71429,0.139532927,19343.57143,0.087009716,21577.14286,0.124147727,39570,0.171864361,24585.71429,0.124724292,34602.14286,0.102758691,15361.42857,0.062992126,14850,0.040533861,9021.428571
3524,0.087087912,5652.857143,0.182869845,37248.57143,0.171631954,44440,0.12912975,50703.57143,0.180002614,96730.71429,0.174964116,44437.14286,0.121399053,66482.14286,0.163704433,42184.28571,0.194643875,52415,0.205839072,29265.71429
3525,-0.26007326,3751.428571,0.082128552,40525.71429,0.084008422,43392.85714,0.096982458,50609.28571,0.078204919,94558.57143,0.1110061,64655,0.092445966,76575,0.066767955,37112.85714,0.004028509,32400,0.050516024,22102.85714
3526,-0.244306418,2607.142857,0.086501901,34290,0.090289836,40815,0.078386889,45497.14286,0.078811915,82189.28571,0.122643826,58792.85714,0.109422492,77953.57143,0.049266196,30334.28571,-0.033127979,23765.71429,-0.010110339,14546.42857
3528,-0.303986711,598.5714286,0.057142857,7849.285714,0.084396631,9287.857143,0.103289053,11093.57143,0.060757216,18531.42857,0.144730891,12655,0.116423433,19397.85714,0.035941765,6505.714286,-0.122590213,5071.428571,-0.037314798,3759.285714
3529,-0.251231527,868.5714286,0.090053659,10012.14286,0.09895941,11390.71429,0.105639254,13262.14286,0.082818577,23665,0.121839559,15402.85714,0.099890022,20716.42857,0.080822805,9532.857143,0.004146012,7957.857143,0.064700285,5595
3530,-0.068277311,3801.428571,0.132423644,40546.42857,0.123382846,46890,0.097904762,53522.85714,0.132443695,96863.57143,0.164073274,59687.85714,0.133722953,81475,0.094863721,38993.57143,0.054793966,37207.85714,0.108604082,24250.71429
3531,-0.140589569,541.4285714,0.081469876,5423.571429,0.079971523,6501.428571,0.055345655,7382.142857,0.057687752,12755.71429,0.112144916,9647.857143,0.116388532,13045,0.041168191,4227.142857,-0.109145092,3416.428571,-0.079558653,2264.285714
3532,-0.087557604,848.5714286,0.087806786,7946.428571,0.1304849,10507.85714,0.106510451,11872.85714,0.09947452,19279.28571,0.1572978,13337.85714,0.134181267,19235.71429,0.071168453,7353.571429,0.000224266,6371.428571,0.018954019,4147.142857
3534,-0.033395176,744.2857143,0.049700086,6125,0.103839802,7638.571429,0.049839924,8666.428571,0.084289252,15326.42857,0.142301896,10286.42857,0.106891255,14926.42857,0.026727248,5487.857143,-0.053830228,4570,-0.007495591,3215.714286
3536,-0.803571429,125.7142857,-0.050125313,6767.857143,0.070388551,9189.285714,-0.012943432,8824.285714,-0.017993778,16684.28571,0.062203891,13612.14286,0.029710016,16537.14286,-0.090384133,5175.714286,-0.210173622,3704.285714,-0.149682278,2580.714286
3537,-0.506009852,1790.714286,0.032768919,26924.28571,0.107343374,35501.42857,0.062591211,37445.71429,0.053098711,68225,0.114215112,49599.28571,0.084665866,58675,0.008704346,24501.42857,-0.071788768,21167.85714,-0.008173419,15948.57143
3538,-0.236024845,966.4285714,0.071388466,9540.714286,0.033698889,10166.42857,0.059651928,12307.85714,0.027115118,21158.57143,0.11348037,17381.42857,0.076583211,21930,0.00735219,7046.428571,-0.126405492,5272.142857,-0.21717846,2512.857143
3539,-0.176481053,3306.428571,0.07656628,34649.28571,0.131669873,43280.71429,0.079762733,46548.57143,0.113111422,88019.28571,0.141076008,64522.14286,0.115030853,75247.85714,0.067516514,31283.57143,0.020087616,27277.14286,0.055087856,17456.42857
3540,-0.223214286,372.8571429,0.128823318,4481.428571,-0.007023144,4443.571429,0.041360544,5467.142857,0.041309982,9470.714286,0.13592437,7724.285714,0.073330291,10078.57143,-0.056835637,2631.428571,-0.093705088,2252.142857,-0.141278611,1554.285714
3541,-0.154761905,507.1428571,0.098619329,5570,0.081102571,5827.142857,0.088621056,6580.714286,0.081703607,12445,0.158995816,9695,0.104538532,12950.71429,0.027488546,3524.285714,-0.043168669,3071.428571,-0.100303951,1691.428571
3542,-0.030497592,862.8571429,0.071271355,7300.714286,0.045888018,7912.142857,0.04889684,8795,0.063501904,17154.28571,0.124944221,12605,0.087945879,17690,0.017908803,5277.857143,-0.103603604,3980,-0.080572489,2477.857143
3543,-0.244663383,2628.571429,0.160019717,36981.42857,0.154853359,43595.71429,0.118953262,50822.85714,0.147474896,89457.14286,0.194273894,51962.85714,0.154342939,80688.57143,0.134399649,36981.42857,0.053634246,32947.14286,0.088844281,20922.14286
3544,-0.12173913,505,0.175921531,5309.285714,0.037301587,5601.428571,0.092106771,6809.285714,0.101114856,12134.28571,0.15274508,8743.571429,0.13587676,13482.85714,0.067989782,3882.142857,-0.081498829,2801.428571,-0.090787717,1459.285714
3546,0.166666667,210,0.228021978,1915.714286,0.086466165,2064.285714,0.191588785,2550,0.157661988,4300.714286,0.241193738,3624.285714,0.194130926,5290,0.107317073,1135,-0.146771037,622.8571429,-0.043399638,377.8571429
3547,-0.086229086,1014.285714,0.12529663,8467.857143,0.069690758,8573.571429,0.054042523,10587.85714,0.0820059,18340,0.149454049,14437.14286,0.105057881,19023.57143,0.034002361,6255.714286,-0.076934077,4610.714286,-0.062420705,2639.285714
3548,-0.68907563,185,0.053900088,6871.428571,0.073726131,7510.714286,-0.005531184,7448.571429,0.0260747,14560,0.106482972,12276.42857,0.050089445,14675,-0.042769857,4700,-0.182915676,3190.714286,-0.092988376,1727.857143
3549,-0.138528139,284.2857143,0.088272921,3645.714286,0.13877551,4384.285714,0.019569472,4465.714286,0.110454708,8861.428571,0.155709343,6680,0.115313579,9920.714286,0.005424955,2382.857143,-0.082066869,1725.714286,-0.048852702,917.8571429
3551,0.12244898,39.28571429,-0.064650678,640.7142857,0.098972923,840.7142857,-0.046082949,887.1428571,0.031746032,1671.428571,0.060982496,1342.142857,0.075630252,2011.428571,-0.126245847,375.7142857,-0.314285714,205.7142857,-0.155102041,147.8571429
3552,-0.174927114,202.1428571,0.101710587,1702.142857,0.092140921,2015,0.070728291,2184.285714,0.023457027,3802.142857,0.142324094,3061.428571,0.085923856,4441.428571,-0.00921659,1228.571429,-0.185328185,753.5714286,-0.06984127,418.5714286
3553,-0.137348513,1677.857143,0.042456934,12837.85714,0.08296662,14414.28571,0.060197664,15171.42857,0.059023152,30092.14286,0.129203659,23984.28571,0.07889043,27781.42857,-0.004652436,10391.42857,-0.085278204,8090.714286,-0.018787664,3954.285714
3554,-0.576623377,116.4285714,0.105974026,3041.428571,0.002915452,2457.142857,-0.156816157,2027.857143,0.035807535,5950.714286,0.108479756,5182.142857,-0.007526132,5086.428571,-0.098993964,1599.285714,-0.241417497,978.5714286,-0.022556391,742.8571429
3556,-0.242204496,746.4285714,-0.038577456,5696.428571,0.071992976,6105,0.011942316,6415.714286,0.005132592,13428.57143,0.093593629,11083.57143,0.053185918,12927.85714,-0.069166128,4114.285714,-0.281842818,2650,-0.100040016,1606.428571
3557,-0.36036036,710,0.014986154,8901.428571,0.104294479,10800,-0.012334035,9723.571429,0.015853356,20505,0.108159557,18295.71429,0.046168597,20264.28571,-0.044656406,6295.714286,-0.202139965,3941.428571,-0.186525265,1862.857143
3558,-0.261972984,1287.857143,-0.012756327,10282.14286,0.078118438,12835,0.009381989,13217.85714,0.022583405,25615.71429,0.084545937,21880.71429,0.063049899,24423.57143,-0.054778555,8110,-0.188367347,5681.428571,-0.099897225,3127.857143
3559,-0.187969925,154.2857143,-0.118493909,1137.142857,0.040100251,1482.142857,-0.008486563,1502.142857,-0.040606654,2801.428571,0.045548654,2525,0.029835651,2909.285714,-0.142031379,742.1428571,-0.338155515,522.8571429,-0.172077922,364.2857143
3560,0.055900621,485.7142857,0.020026702,3274.285714,-0.008563643,3638.571429,0.028358738,4144.285714,0.028860029,7639.285714,0.128408091,6415,0.062035225,7752.857143,-0.064533922,2422.857143,-0.23394958,1627.857143,-0.116354234,976.4285714
4601,-0.32,85,0.10728863,1356.428571,0.136436597,2022.857143,0.070519811,2103.571429,0.085714286,3474.285714,0.160859466,2855.714286,0.124271137,4407.142857,0.075,860,-0.307142857,415.7142857,-0.036414566,491.4285714
4602,0.178571429,565.7142857,0.292541389,5409.285714,0.232345013,6531.428571,0.206775096,8320.714286,0.258231293,13211.42857,0.294513956,6725,0.255993872,11712.14286,0.222534223,4975.714286,0.214520935,5532.142857,0.210133876,5100.714286
4603,0.108843537,349.2857143,0.080404551,3052.142857,0.197225347,4561.428571,0.13720087,5600.714286,0.157163006,8204.285714,0.112025827,4920.714286,0.166846769,7712.857143,0.12785114,2684.285714,0.164435946,3045,0.159378037,3408.571429
4604,-0.734693878,9.285714286,0.128571429,564.2857143,0.022675737,644.2857143,-0.062211982,581.4285714,0.090623033,1237.857143,-4.00E-15,910,0.070516717,1257.857143,0.142857143,354.2857143,-0.02905569,286.4285714,0.042553191,245
4605,0.201680672,102.1428571,0.013852814,836.4285714,-0.009630819,881.4285714,-0.137309293,888.5714286,0.018162766,2082.142857,-0.020082154,1533.571429,0.032549729,2039.285714,0.032042724,552.1428571,-0.230519481,338.5714286,-0.096579477,320.7142857
4606,0.386554622,117.8571429,0.064596273,612.1428571,-0.177248677,444.2857143,0.014705882,690,0.091382302,1347.857143,0.022091311,991.4285714,0.03148688,1263.571429,0.008281573,347.8571429,0.089552239,365,0.011661808,247.8571429
4607,-0.030612245,542.8571429,0.089045484,4857.142857,0.122486529,6100.714286,0.114010989,6951.428571,0.092847181,11753.57143,0.080558539,8622.857143,0.093255983,10768.57143,0.112531969,4350,0.075630252,3840,0.229508197,2625
4608,-0.493506494,27.85714286,-0.06002401,559.2857143,0.042081949,672.1428571,-0.126760563,620,-0.02010582,1322.857143,-0.044642857,917.1428571,0.029331885,1353.571429,-0.196911197,297.1428571,-0.14889336,302.1428571,-0.07755102,322.8571429
4609,-0.545454545,75,0.003374578,1274.285714,0.113764655,1832.142857,-0.063316185,1690.714286,0.073119189,3627.142857,0.074416078,2825.714286,0.04770017,3075,-0.034712951,1032.857143,-0.11550152,831.4285714,0.070393375,738.5714286
4610,-0.062111801,107.8571429,0.265122265,702.1428571,0.156862745,885,0.159535896,1142.142857,0.17443609,1673.571429,0.158113731,596.4285714,0.248404516,1816.428571,0.202197802,781.4285714,0.105357143,884.2857143,0.029900332,442.8571429
4611,-0.229833996,4705.714286,0.045191961,49625.71429,0.086204257,60805.71429,0.117786224,72896.42857,0.064633422,126739.2857,0.0306016,88910,0.077443332,102297.8571,0.081350093,48422.85714,0.057922653,43025.71429,0.182200715,32108.57143
4612,-0.161904762,125.7142857,0.161576355,1684.285714,0.0998772,1919.285714,0.223193277,2599.285714,0.149736949,4058.571429,0.137873754,1957.142857,0.194092827,4245,0.178942165,1703.571429,0.070942663,1574.285714,0.12477396,888.5714286
4613,0.054421769,553.5714286,0.073660714,3435.714286,0.164266251,4272.857143,0.087435456,4512.857143,0.104792927,8479.285714,0.143740067,4626.428571,0.164681216,8729.285714,0.072473868,3297.857143,-0.017560513,2957.142857,0.031152648,1655
4614,-0.43956044,72.85714286,-0.00621118,1142.857143,0.128329298,1331.428571,0.086956522,1750,0.073204043,2806.428571,0.069573284,1647.142857,0.098619329,2785,0.084285714,1084.285714,-0.055749129,967.8571429,0.050125313,598.5714286
4615,0.047619048,157.1428571,0.051158301,1555.714286,-0.025181598,1437.857143,-0.113190324,1387.857143,0.008482143,3227.142857,-0.069452287,2354.285714,0.034400382,3092.857143,-0.065661047,752.1428571,-0.154392192,680.7142857,0.181996086,862.8571429
4616,0.489795918,52.14285714,0.118303571,715.7142857,-0.134727062,532.1428571,-0.165024631,484.2857143,0.010781671,1339.285714,0.021026592,1179.285714,-0.027761712,1200.714286,0.02905569,303.5714286,-0.121779859,267.8571429,-0.139372822,176.4285714
4617,-0.25974026,122.1428571,0.143338143,1697.857143,-0.146451033,1357.142857,-0.059142024,1613.571429,-0.019853259,3244.285714,0.027757837,3067.857143,-0.015951208,2996.428571,-0.150793651,764.2857143,-0.210028382,596.4285714,0.054187192,611.4285714
4618,-0.069498069,172.1428571,0.071901608,1618.571429,-0.004761905,1791.428571,0.016249154,2144.285714,0.050090162,3743.571429,0.058013053,3126.428571,0.070871985,4122.857143,0.061562747,960.7142857,-0.21472937,632.1428571,-0.057142857,612.8571429
4619,0.514285714,37.85714286,0.055555556,190,-0.273015873,163.5714286,0.234693878,345.7142857,-0.072332731,366.4285714,0.074725275,349.2857143,0.183673469,497.1428571,-0.107142857,142.8571429,-0.285714286,75,-0.528571429,47.14285714
4620,-0.214285714,47.14285714,-0.026373626,632.8571429,-0.106442577,683.5714286,-0.110996917,617.8571429,-0.035714286,1504.285714,-0.004395604,1294.285714,-0.032091097,1335.714286,-0.168674699,345,-0.259398496,281.4285714,-0.082417582,238.5714286
4621,-0.480836237,106.4285714,-0.034188034,1130,-0.086378738,982.1428571,0.039054471,1444.285714,-0.023312551,2573.571429,0.030662021,2112.857143,0.009196812,2351.428571,-0.15696649,682.8571429,-0.228174603,555.7142857,-0.068877551,521.4285714
4622,-0.769230769,30,-0.047095761,867.1428571,0.114010989,1158.571429,0.027812895,1161.428571,-0.038095238,2020,0.080672269,1377.857143,0.007445323,1546.428571,-0.115207373,822.8571429,-0.078397213,755.7142857,-0.011352886,746.4285714
4623,0,0,0.19047619,250,-0.464285714,85.71428571,0.091836735,305.7142857,-0.103571429,358.5714286,-0.069387755,325.7142857,-0.093406593,235.7142857,0.132404181,232.1428571,-0.202380952,95.71428571,-0.128078818,126.4285714
4701,-0.217142857,195.7142857,-0.067588326,1734.285714,0.084115398,2227.857143,0.082158185,2521.428571,0.08067602,4841.428571,0.061558056,3572.142857,0.029962547,4125,0.12306046,1499.285714,-0.026357406,1319.285714,0.107728337,1013.571429
4702,-0.068965517,135,0.011315417,1532.142857,-0.071658245,1443.571429,0.159686888,2116.428571,0.087108014,3565.714286,0.022355507,2678.571429,0.031055901,3082.857143,0.133430022,1116.428571,0.100274725,1144.285714,0.119218911,777.8571429
4703,0,0,-0.111969112,657.1428571,-0.085543199,763.5714286,-0.141196013,738.5714286,-0.033304119,1575.714286,-0.05455386,1460.714286,-0.120448179,1345.714286,-0.118738404,339.2857143,-0.198095238,300.7142857,-0.042154567,292.1428571
4704,-0.971428571,1.428571429,-0.156062425,502.1428571,-0.079027356,649.2857143,-0.100702576,548.5714286,0.005194805,1382.142857,-0.078857143,1151.428571,0.024553571,1311.428571,-0.116071429,282.8571429,-0.360902256,182.1428571,-0.180451128,155.7142857
4705,0.142857143,182.8571429,0.083438685,2448.571429,-0.118571429,1762.857143,-0.011089367,2165.714286,0.059134108,5015,0.043956044,4003.571429,0.001663063,4302.142857,0.068716094,1266.428571,-0.028686173,1209.285714,0.012820513,790
4706,-0.368974584,1028.571429,0.1564311,21237.85714,0.145097363,23732.14286,0.153289334,27085,0.11910101,47410.71429,0.110672859,33992.14286,0.128534505,41479.28571,0.131761442,17485.71429,0.126293292,16562.14286,0.209313339,10944.28571
4707,-0.638888889,130,0.031311155,3387.857143,0.064690027,3950,0.004113687,3835.714286,0.07128824,8179.285714,0.055381763,6506.428571,0.052528582,7299.285714,0.00505689,2271.428571,-0.039294039,2060.714286,0.026373626,1334.285714
4708,-0.404181185,122.1428571,0.068571429,2270.714286,0.084415584,2385.714286,0.030459945,2416.428571,0.01774043,4671.428571,0.03480589,3865,0.046640574,4584.285714,-0.048009368,1161.428571,0.049510057,1453.571429,0.083809524,812.8571429
4709,-0.130434783,200,0.062159215,2782.857143,-0.09313021,2253.571429,-0.011449388,2713.571429,0.04207609,5908.571429,-0.005678422,4752.857143,0.00968523,5063.571429,-0.002857143,1495.714286,0.012720157,1478.571429,0.084285714,1084.285714
4710,0,0,0.076379066,1087.142857,-0.124542125,853.5714286,-0.056628057,1047.142857,-0.042280589,2135.714286,-0.040100251,1915,-0.032358003,2007.857143,-0.118811881,445,-0.206349206,357.1428571,0.015238095,380.7142857
4711,-0.521852577,1047.142857,0.152469649,24749.28571,0.182951554,27923.57143,0.192555625,32771.42857,0.135864136,56850,0.097575312,37345,0.148167817,49417.14286,0.180630195,21812.14286,0.156695042,20479.28571,0.235890462,14280.71429
4712,-0.94047619,7.142857143,0.151145783,1686.428571,0.004943154,1452.142857,-0.040315513,1564.285714,0.084033613,3317.142857,0.075685904,2436.428571,0.072948328,3277.857143,0.027287319,914.2857143,-0.095761381,822.8571429,-0.060532688,554.2857143
4713,-5.51E-14,165,0.03470214,1277.857143,-0.074349442,1245,0.023809524,1658.571429,-0.014051522,2706.428571,-0.017181037,2206.428571,0.036055722,2709.285714,-0.086221471,772.1428571,-0.066445183,802.8571429,0.057142857,581.4285714
4714,-0.334494774,136.4285714,0.071002556,2693.571429,-0.114526823,2098.571429,-0.052807115,2434.285714,0.025574041,5327.857143,0.057989901,4639.285714,0.005946482,5075,-0.102564103,1225,-0.162099125,1026.428571,-0.132773109,737.1428571
4715,-0.643550624,183.5714286,0.072147432,5859.285714,0.084789311,6031.428571,0.059151786,6778.571429,0.080157763,13302.14286,0.053582445,8539.285714,0.076583211,12009.28571,0.027753069,4126.428571,0.036335819,3870.714286,0.113141096,3612.142857
4716,-0.987012987,2.142857143,0.141931503,2643.571429,0.042471042,2314.285714,-0.051190476,2277.142857,0.000296384,4821.428571,0.033009353,4023.571429,0.027180068,4535,0.004110997,1395.714286,-0.087007643,1109.285714,-0.005714286,994.2857143
4717,0.280519481,352.1428571,0.077757685,2554.285714,0.105116019,2823.571429,0.125,3330,0.126293996,6217.142857,0.150437318,4227.857143,0.101016139,5262.857143,0.102411874,2122.142857,0.094716243,1997.857143,0.130750605,1667.857143
4718,-0.212244898,137.8571429,0.054015636,1059.285714,0.108418367,1241.428571,-0.025641026,1140,0.066945607,2550,0.098979592,1538.571429,0.147465438,1956.428571,0.051242236,967.1428571,-0.075731497,767.1428571,-0.106966925,906.4285714
4801,-0.516806723,164.2857143,0.110623354,6325,0.097649186,6937.142857,0.084783488,7658.571429,0.104794483,14533.57143,0.137191854,10610,0.107443218,13826.42857,0.02789916,4368.571429,0.005044136,3985,0.115298088,2832.857143
4802,-0.492165899,393.5714286,0.183862434,12785.71429,0.120627262,13935,0.146977101,17101.42857,0.129797067,28115,0.139578164,18370,0.13542347,26075,0.104464774,10089.28571,0.086853064,9135,0.205276257,8647.857143
4803,-0.171428571,82.85714286,0.090070137,2109.285714,-0.028639618,2035,-0.003883495,2565,0.026324238,4567.142857,0.092959672,3426.428571,0.037801229,4706.428571,-0.0446796,1160.714286,-0.164420485,885.7142857,-0.030696576,1172.857143
4804,0,0,-0.102635229,462.1428571,-0.177944862,468.5714286,-0.150649351,467.1428571,-0.191697192,945.7142857,-0.070351759,925,-0.16744186,895,-0.340659341,171.4285714,-0.360655738,195,-0.428571429,125.7142857
4805,-0.274509804,185,0.089913282,3411.428571,0.090561224,3664.285714,0.08377538,4232.142857,0.100347435,7691.428571,0.149902563,5479.285714,0.121505931,7766.428571,0.030634573,2355,-0.030395137,2050.714286,-0.013869626,1523.571429
4806,-0.024278312,9415.714286,0.18853236,118211.4286,0.17292692,130394.2857,0.194501669,156139.2857,0.17422745,275814.2857,0.145384872,161831.4286,0.173291539,226187.1429,0.18117986,111267.1429,0.185127567,114270,0.248783164,76419.28571
4807,-0.312292359,147.8571429,0.082602546,2733.571429,-0.037219485,2512.857143,-0.036295952,2958.571429,0.057499046,5937.857143,0.081681476,4521.428571,0.047400812,5713.571429,-0.029673591,1635,-0.157189089,1302.142857,-0.037851038,1125.714286
4808,-0.365821095,678.5714286,0.217321364,16756.42857,0.145430287,17170,0.142017512,20402.14286,0.158841477,36352.85714,0.207242493,25098.57143,0.158280483,33526.42857,0.126331252,13144.28571,0.104610874,11841.42857,0.11663067,7755
4809,-0.571428571,49.28571429,0.099667774,1418.571429,-0.075776398,1062.857143,0.009784736,1474.285714,0.026736566,2797.857143,0.072469804,1839.285714,0.052042675,2887.857143,-0.066833751,797.8571429,-0.176623377,679.2857143,-0.002421308,588.5714286
4810,-0.198019802,405,0.116644823,7302.857143,0.061703555,6784.285714,0.095759234,8010,0.076272051,15078.57143,0.083256376,10892.14286,0.10118119,14117.14286,0.063738703,4792.142857,0.035256943,4446.428571,0.084278768,3345
4811,-0.310802274,5455,0.179011495,110037.1429,0.174913159,122731.4286,0.199445439,148311.4286,0.161270597,253662.1429,0.128847005,160341.4286,0.174295165,213017.1429,0.187422586,102029.2857,0.167024544,97440.71429,0.226485277,67358.57143
4812,0.329931973,558.5714286,0.119325551,4315,0.077981651,4700,0.108053007,5435,0.116396195,9975,0.139564336,6427.142857,0.124487248,9007.142857,0.111039932,3716.428571,0.088295223,3433.571429,0.030788177,2391.428571
4813,-0.484126984,185.7142857,0.081676684,5013.571429,0.066326531,4777.142857,0.025302061,5152.142857,0.052013182,10488.57143,0.095166969,7332.142857,0.078645066,10462.85714,0.003184713,3150,-0.058350101,2674.285714,-0.049213944,1987.142857
4814,0,0,0.130242073,2367.857143,0.112030075,2112.857143,-0.034614256,2350.714286,0.123983078,4934.285714,0.172996815,3419.285714,0.104691877,4507.142857,-0.035056968,1572.857143,-0.068965517,1350,-0.038402458,894.2857143
4815,-0.992063492,1.428571429,0.075576037,2500.714286,0.125060125,3341.428571,0.029481899,3392.142857,0.088355342,6475.714286,0.039760732,4221.428571,0.099483359,6536.428571,0.08988764,2425,0.043217287,1862.142857,-0.056737589,665
4816,0.237853517,1219.285714,0.255427842,4915,0.274644727,6086.428571,0.236982644,7941.428571,0.265553299,12016.42857,0.306084656,7052.857143,0.278562018,9704.285714,0.237191079,5864.285714,0.186563707,5487.857143,0.256613757,4071.428571
4817,-0.483870968,160,0.103036336,3165.714286,-0.012469504,2602.142857,0.036904762,3732.857143,0.007385183,6235.714286,0.115975422,4151.428571,0.047993264,5334.285714,-0.036951501,2085,-0.100478469,1880,-0.034870641,2451.428571
4818,-0.387755102,42.85714286,-0.104575163,685,-0.010919017,776.4285714,0.033222591,888.5714286,-0.034760492,1626.428571,0.051948052,1099.285714,-0.002686968,1590.714286,-0.019047619,588.5714286,-0.176870748,432.1428571,-0.245931284,297.8571429
4819,0.231850117,751.4285714,0.16889881,8977.142857,0.15037594,9180,0.182391701,12048.57143,0.157710919,19652.14286,0.228304406,13142.85714,0.17247619,17587.14286,0.121083378,7539.285714,0.111230637,7378.571429,0.139093438,4972.142857
5901,-0.006079027,467.1428571,0.116391577,5604.285714,0.116320638,5799.285714,0.050722862,6125.714286,0.095456631,11935,0.114544782,8604.285714,0.109389941,12430.71429,0.065541601,3878.571429,0.028353326,3367.857143,0.048824593,1657.142857
5903,-0.685714286,102.1428571,0.072499235,5008.571429,0.142990779,6109.285714,0.052106707,6028.571429,0.084517913,12043.57143,0.108867282,9530.714286,0.090414292,12163.57143,0.080973359,3680.714286,-0.00487013,2627.142857,-0.058371736,1313.571429
5905,-0.887218045,21.42857143,0.060240964,2640,0.104026846,3290,0.048315912,3223.571429,0.045175024,6312.857143,0.081675082,5202.857143,0.076237392,6554.285714,0.002407705,1784.285714,-0.04491161,1427.857143,-0.138095238,517.1428571
5907,-0.803571429,62.85714286,0.102212052,7225,0.05921735,8023.571429,0.034207728,8335.714286,0.082829223,16621.42857,0.105288148,13302.14286,0.077827426,17746.42857,0.05024284,4479.285714,-0.025533788,3162.142857,-0.154858691,1559.285714
5909,-0.335960591,962.8571429,0.140590693,23005.71429,0.110035304,22683.57143,0.102959554,25847.85714,0.121800304,50116.42857,0.13672346,30975.71429,0.107172075,40600,0.105042017,17282.85714,0.068496975,16401.42857,0.137472491,17352.14286
5915,-0.104938272,14500,0.134502115,187385.7143,0.137015941,201189.2857,0.127273045,230386.4286,0.146038048,479181.4286,0.136568463,308794.2857,0.165869269,367960,0.143209154,178620.7143,0.086255274,153748.5714,0.08157936,103545
5917,-0.49343832,965,0.137112846,34642.14286,0.095097895,37195,0.087529464,41853.57143,0.107050778,79436.42857,0.099045641,63502.85714,0.117434315,75035.71429,0.092088197,25260,0.042712996,19634.28571,0.100354191,10651.42857
5919,0,0,0.080104588,6491.428571,0.166289825,8105.714286,0.089046709,8543.571429,0.116001225,15612.85714,0.143764172,10808.57143,0.134941827,17001.42857,0.060860441,5055,-0.032380952,3628.571429,0.007292012,2170.714286
5921,-0.159914712,562.8571429,0.12654432,13417.14286,0.148829593,17037.14286,0.115360502,17790,0.119413796,33117.85714,0.165313853,24611.42857,0.134413835,35796.42857,0.09380286,10161.42857,0.002826855,7095,0.089514066,4260
5923,0,0,0.09158336,2417.857143,0.085818943,2964.285714,0.067619048,3202.857143,0.066536204,5839.285714,0.144173799,4965.714286,0.060614152,5674.285714,0.014913658,1847.142857,-0.111232279,1164.285714,-0.070450098,678.5714286
5924,0,0,0.106169297,3855,0.213299875,4835,0.258581236,5500,0.128157733,9155,0.083191851,6380,0.142526072,9860,0.137254902,2900,0.034146341,2120,0.252336449,1340
5926,0,0,0.173658537,6015,0.238133548,7695,0.198855508,8380,0.117982099,13740,0.06162465,9475,0.106595092,14430,0.160583942,4770,0.218798151,3955,0.250764526,2045
5927,-0.628571429,27.85714286,0.06207483,1784.285714,0.079496261,1959.285714,0.089492874,2347.857143,0.066716924,4042.857143,0.124054463,3715,0.102066947,4303.571429,0.01153107,1127.857143,-0.167741935,645,-0.12543554,358.5714286
5929,-0.23015873,138.5714286,0.149741824,2862.857143,0.123125493,3049.285714,0.133493397,3372.142857,0.11227122,6467.857143,0.191515908,5457.142857,0.143323235,7008.571429,0.042361424,1652.142857,-0.006775833,1256.428571,-0.145199063,521.4285714
5931,-0.39408867,263.5714286,0.173015873,3167.142857,0.162015827,3985.714286,0.120642515,4684.285714,0.198439457,8886.428571,0.102806686,4995.714286,0.143738977,7411.428571,0.199120167,3699.285714,0.231945177,3338.571429,0.131787032,1533.571429
5933,-0.779033916,153.5714286,0.098949891,11137.85714,0.076403869,11049.28571,0.101720269,12625.71429,0.090409479,24517.85714,0.129604241,17655.71429,0.083716284,23245.71429,0.077585409,8313.571429,0.004501125,6695,-0.000399042,3578.571429
5935,-0.050340136,997.1428571,0.206745083,17660.71429,0.143601875,18646.42857,0.164481065,21502.14286,0.156786807,39683.57143,0.181954887,26948.57143,0.169173486,39699.28571,0.167360941,13611.42857,0.109942967,11537.85714,0.124474348,6685
5937,0.432653061,501.4285714,0.068699839,7133.571429,0.116131802,7427.857143,0.05963939,7640,0.109836876,16037.14286,0.135979367,11325.71429,0.119734593,15911.42857,0.061136713,4934.285714,0.007490637,4035,0.014739229,2557.142857
5939,0.167115903,309.2857143,0.105281385,4559.285714,0.073111043,5011.428571,0.03033367,5095,0.055804759,9919.285714,0.110952746,7237.857143,0.07624759,10767.85714,0.053989489,3151.428571,-0.04,2400,-0.038026721,1337.142857
5941,-0.933333333,25,0.052370623,4851.428571,0.113207547,5900,0.046550523,5363.571429,0.064343898,11106.42857,0.143692565,8800.714286,0.095194207,11882.85714,0.002645503,3248.571429,-0.235023041,1897.142857,-0.095538531,1433.571429
5943,-0.547619048,27.14285714,0.106690778,874.2857143,0.099827883,912.8571429,-0.294755877,557.1428571,0.108730159,1995.714286,0.143815916,1704.285714,0.05010989,1706.428571,-0.096985583,492.1428571,-0.244406196,313.5714286,-0.247104247,139.2857143
5945,0,0,-0.051020408,132.8571429,0.714285714,188.5714286,-0.021164021,132.1428571,0.19047619,303.5714286,0.254545455,345,0.125714286,281.4285714,-0.071428571,37.14285714,0.103896104,60.71428571,2.37E-16,30
5947,-0.847926267,23.57142857,-0.053495441,1112.142857,0.07751938,1390,-0.046049189,1302.142857,-0.027938851,2634.285714,0.004514673,2225,0.005689001,2272.857143,-0.07253886,895,-0.19047619,582.8571429,-0.08994709,491.4285714
5949,-0.753694581,71.42857143,0.047507528,2236.428571,0.143151694,2772.142857,-0.047272727,2620,0.049565589,5263.571429,0.106419896,4099.285714,0.059081957,4993.571429,0.036814726,1850.714286,-0.157570005,1267.857143,-0.170481452,750.7142857
5951,-0.948787062,13.57142857,0.042033513,2620.714286,0.093695778,2701.428571,0.005565863,3097.142857,0.043060257,5502.142857,0.089912688,4190.714286,0.091406678,5697.142857,-0.025831703,1777.857143,-0.142403628,1350.714286,-0.188396756,929.2857143
5953,-0.469387755,482.8571429,0.036281179,7181.428571,0.125777471,8145,0.074944164,9282.142857,0.045258026,16232.85714,0.133298654,12449.28571,0.085408551,15722.14286,-0.031854938,5644.285714,-0.064973755,4707.857143,-0.032345013,2820.714286
5955,0.133171913,668.5714286,0.04037639,4343.571429,0.093816631,4397.142857,0.049152055,5214.285714,0.053821313,9790,0.11248429,7587.142857,0.047558076,8181.428571,0.073758865,3785,-0.00487567,2915.714286,-0.008017493,1944.285714
5957,-0.571428571,4.285714286,0.228571429,61.42857143,-0.114285714,22.14285714,-0.155844156,46.42857143,-0.033613445,82.14285714,0.168831169,128.5714286,0.253968254,112.8571429,-0.571428571,6.428571429,0,0,0,0
5959,0,0,0.024630542,297.1428571,-0.285714286,239.2857143,-0.366071429,202.8571429,-0.027111575,666.4285714,0.070748299,562.1428571,-0.00968523,584.2857143,-0.376899696,146.4285714,-0.66359447,52.14285714,-0.469387755,74.28571429
6001,0.167115903,618.5714286,0.176604923,3312.142857,0.165724121,3386.428571,0.20261973,4197.142857,0.170161643,7652.857143,0.205581652,6232.857143,0.196911197,6642.857143,0.134453782,2700,0.122249389,2295,0.13971051,1293.571429
6101,-0.782608696,25,0.069767442,460,0.027777778,370,0.302325581,560,-0.087431694,835,0.172661871,815,0,560,-0.149253731,285,-0.123076923,285,-0.153846154,275
6102,-1,9.09E-13,0.235294118,210,-0.076923077,120,0.060606061,175,-0.21875,250,0.044444444,235,-0.41025641,115,-0.068965517,135,-0.083333333,110,-0.08,115
6103,0,0,-0.076923077,120,0.285714286,135,0.580645161,245,-0.25,210,-0.272727273,80,0.357142857,190,0.380952381,145,0.148148148,155,-0.372093023,135
6104,0,0,0.186046512,255,0.352941176,230,0.263157895,240,2.58E-16,440,0.3125,420,0.264705882,430,-0.64516129,55,0.071428571,150,-0.842105263,15
6105,0,0,-0.066666667,420,0.146341463,470,-0.018181818,540,-0.223350254,765,-0.102941176,610,-0.158536585,690,-0.098765432,365,-0.268656716,245,-0.545454545,100
6106,0,0,-0.463821892,619.2857143,-0.257244535,1043.571429,-0.325203252,1245,-0.384302465,1837.857143,-0.257465698,1314.285714,-0.335534214,1581.428571,-0.405363589,823.5714286,-0.390296496,807.8571429,-0.842005676,119.2857143
6204,0.171428571,351.4285714,0.171096346,1007.142857,0.146031746,1031.428571,0.205849269,1531.428571,0.167510976,2469.285714,0.220551378,1391.428571,0.21217601,1436.428571,0.20112782,912.8571429,0.092105263,830,0.130841121,1815
6205,0.147783251,166.4285714,0.166934189,519.2857143,0.158385093,532.8571429,0.235449735,667.1428571,0.175115207,1275,0.197568389,562.8571429,0.214285714,485.7142857,0.193050193,441.4285714,0.157894737,440,0.167346939,1225.714286
6208,-0.040816327,67.14285714,0.152380952,345.7142857,0.153061224,322.8571429,0.093877551,382.8571429,0.192592593,805,0.059299191,280.7142857,0.24824356,380.7142857,0.164835165,302.8571429,0.188571429,297.1428571,0.10989011,649.2857143
